train_loss,train_acc,epoch,step
0.6958715915679932,0.5126903653144836,0,24
0.677720844745636,0.5786802172660828,1,49
0.6675698757171631,0.6192893385887146,2,74
