train_loss,train_acc,epoch,step
0.6885324120521545,0.5380710363388062,0,24
0.6663976311683655,0.6395938992500305,1,49
0.6572513580322266,0.6954314708709717,2,74
