train_loss,train_acc,epoch,step
0.6902269124984741,0.49238577485084534,0,24
0.668578565120697,0.624365508556366,1,49
0.663715660572052,0.6395938992500305,2,74
