train_loss,epoch,train_acc,step
0.8249286413192749,0,0.5380710363388062,24
0.8010395765304565,1,0.5329949259757996,49
