train_loss,train_acc,epoch,step
0.6942936182022095,0.5126903653144836,0,24
0.6728568077087402,0.5989847779273987,1,49
0.665322482585907,0.6802030205726624,2,74
