train_acc,step,epoch,train_loss
0.4517766535282135,24,0,0.9076873660087585
0.4467005133628845,49,1,0.8781582713127136
0.5025380849838257,74,2,0.8120947480201721
