train_loss,train_acc,epoch,step
0.7123613953590393,0.43654823303222656,0,24
0.7042669057846069,0.4568527936935425,1,49
0.6734893918037415,0.6294416189193726,2,74
