train_acc,train_loss,epoch,step
0.5583756566047668,0.6889711022377014,0,24
0.5786802172660828,0.6755929589271545,1,49
0.6345177888870239,0.6620931625366211,2,74
