epoch,train_acc,step,train_loss
0,0.5532994866371155,24,0.6803476810455322
1,0.6446700692176819,49,0.6616227030754089
2,0.6700507402420044,74,0.6560849547386169
