train_loss,step,epoch,train_acc
0.769511342048645,24,0,0.5786802172660828
0.7075530886650085,49,1,0.5786802172660828
0.7170404195785522,74,2,0.6142131686210632
