train_loss,epoch,train_acc,step
0.6958886981010437,0,0.5431472063064575,24
0.682735025882721,1,0.5583756566047668,49
0.676252543926239,2,0.5532994866371155,74
