train_loss,train_acc,epoch,step
0.6825937032699585,0.5634517669677734,0,24
0.681250810623169,0.5736040472984314,1,49
0.6534470915794373,0.700507640838623,2,74
