train_acc,train_loss,epoch,step
0.6294416189193726,0.6476057171821594,0,24
0.6954314708709717,0.6426280736923218,1,49
0.7411167621612549,0.6188396215438843,2,74
