train_loss,train_acc,step,epoch
0.7053845524787903,0.41624364256858826,24,0
0.6907192468643188,0.5228426456451416,49,1
0.668491005897522,0.5736040472984314,74,2
