train_loss,train_acc,epoch,step
0.6868443489074707,0.5380710363388062,0,24
0.6694698929786682,0.5939086079597473,1,49
0.6541343927383423,0.6598984599113464,2,74
