step,train_acc,train_loss,epoch
24,0.5685279369354248,0.6841115355491638,0
49,0.5939086079597473,0.6783221364021301,1
74,0.6446700692176819,0.6563178300857544,2
