train_acc,train_loss,step,epoch
0.5025380849838257,0.6951075792312622,24,0
0.5837563276290894,0.6813457608222961,49,1
