step,epoch,train_acc,train_loss
24,0,0.46192893385887146,0.9221237301826477
49,1,0.46192893385887146,0.9335774779319763
74,2,0.5126903653144836,0.8047089576721191
