epoch,train_loss,step,train_acc
0,0.7016687393188477,24,0.4263959527015686
1,0.6899608373641968,49,0.5126903653144836
2,0.6639416813850403,74,0.6294416189193726
