train_loss,epoch,step,train_acc
0.7120246887207031,0,24,0.4517766535282135
0.6911036968231201,1,49,0.5279187560081482
0.6914778351783752,2,74,0.5279187560081482
