epoch,train_loss,step,train_acc
0,0.8768907189369202,24,0.46700507402420044
1,0.797351598739624,49,0.5532994866371155
2,0.7914015650749207,74,0.5329949259757996
