epoch,train_acc,step,train_loss
0,0.5329949259757996,24,0.8509175777435303
1,0.5583756566047668,49,0.7732584476470947
2,0.6091370582580566,74,0.7540290355682373
