epoch,train_acc,step,train_loss
0,0.3604061007499695,24,0.7315347194671631
1,0.4010152220726013,49,0.7170594334602356
2,0.5279187560081482,74,0.692042887210846
