train_acc,step,epoch,train_loss
0.5126903653144836,24,0,0.7005748748779297
0.4974619150161743,49,1,0.6996221542358398
0.5685279369354248,74,2,0.6869289875030518
