train_loss,train_acc,epoch,step
0.6923840641975403,0.5279187560081482,0,24
0.685050368309021,0.5279187560081482,1,49
0.6687050461769104,0.6142131686210632,2,74
