train_loss,train_acc,epoch,step
0.6803760528564453,0.5532994866371155,0,24
0.6626737117767334,0.6751269102096558,1,49
0.6607084274291992,0.6446700692176819,2,74
