step,train_loss,epoch,train_acc
24,0.81717848777771,0,0.5634517669677734
49,0.6802913546562195,1,0.6294416189193726
74,0.7535475492477417,2,0.5736040472984314
